OrderID,Id,RestID,ItemId,ItemName,ItemPrice,ItemQuantity,DealId,DealName,DealPrice,DealQuantity,TotalBill,OrderTime,Payment Method
239471997,5fca5e2ce2ea592ba8866fa1,5f96d3905cb98c2e4816eb33,5f96e9121fac783e6cc2ddbc,Strawberry Smoothie,450,5,,,,,0,2020-12-04T16:04:45.643Z,
836516279,5fca5fd19ebfdf3478fa69e4,5f96d3905cb98c2e4816eb33,5f96e9121fac783e6cc2ddbc,Strawberry Smoothie,450,5,,,,,0,2020-12-04T16:11:46.643Z,
607285339,5fca6085eec43324a4bae595,5f96d3905cb98c2e4816eb33,5f96e9121fac783e6cc2ddbc,Strawberry Smoothie,450,5,,,,,0,2020-12-04T16:14:49.165Z,
115980892,5fca60f92e3a181684d76d32,5f96d3905cb98c2e4816eb33,5f96e9121fac783e6cc2ddbc,Strawberry Smoothie,450,5,,,,,0,2020-12-04T16:16:45.923Z,
273063540,5fca614b13347b5c740f2a71,5f96d3905cb98c2e4816eb33,5f96e9121fac783e6cc2ddbc,Strawberry Smoothie,450,5,,,,,0,2020-12-04T16:17:51.039Z,
902274807,5fca61bf980e7143300ebdb3,5f96d3905cb98c2e4816eb33,5f96e9121fac783e6cc2ddbc,Strawberry Smoothie,450,5,,,,,0,2020-12-04T16:20:01.387Z,
516064978,5fca622c111a3351e0099c6d,5f96d3905cb98c2e4816eb33,5f96e9121fac783e6cc2ddbc,Strawberry Smoothie,450,5,,,,,0,2020-12-04T16:21:55.655Z,
726498000,5fca6254111a3351e0099c6e,5f96d3905cb98c2e4816eb33,5f96e9121fac783e6cc2ddbc,Strawberry Smoothie,450,5,,,,,0,2020-12-04T16:21:55.655Z,
847036315,5fca62a59a58080538833db0,5f96d3905cb98c2e4816eb33,5f96e9121fac783e6cc2ddbc,Strawberry Smoothie,450,5,,,,,2250,2020-12-04T16:23:53.919Z,
645945483,5fca62f69a58080538833db1,5f96d3905cb98c2e4816eb33,5f96e9121fac783e6cc2ddbc,Strawberry Smoothie,450,5,,,,,2250,2020-12-04T16:23:53.919Z,
954022344,5fca63949a58080538833db3,5f96d3905cb98c2e4816eb33,5f96e8964346c00cb031c512,Blueberry Smoothie,400,2,,,,,800,2020-12-04T16:23:53.919Z,
954022344,5fca63949a58080538833db3,5f96d3905cb98c2e4816eb33,5f96e8964346c00cb031c512,Blueberry Smoothie,400,2,,,,,800,2020-12-04T16:23:53.919Z,
350542674,5fca63e7a099130754a6efd5,5f96d3905cb98c2e4816eb33,5f96e8964346c00cb031c512,Blueberry Smoothie,400,2,,,,,3050,2020-12-04T16:29:11.550Z,
350542674,5fca63e7a099130754a6efd5,5f96d3905cb98c2e4816eb33,5f96e8964346c00cb031c512,Blueberry Smoothie,400,2,,,,,3050,2020-12-04T16:29:11.550Z,
464527910,5fca6456a099130754a6efd7,5f96d3905cb98c2e4816eb33,5f96e8964346c00cb031c512,Blueberry Smoothie,400,2,,,,,3050,2020-12-04T16:29:11.550Z,
464527910,5fca6456a099130754a6efd7,5f96d3905cb98c2e4816eb33,5f96e8964346c00cb031c512,Blueberry Smoothie,400,2,,,,,3050,2020-12-04T16:29:11.550Z,
357582599,5fca64dca099130754a6efd9,5f96d3905cb98c2e4816eb33,5f96e8964346c00cb031c512,Blueberry Smoothie,400,2,,,,,3050,2020-12-04T16:29:11.550Z,
357582599,5fca64dca099130754a6efd9,5f96d3905cb98c2e4816eb33,5f96e8964346c00cb031c512,Blueberry Smoothie,400,2,,,,,3050,2020-12-04T16:29:11.550Z,
637672689,5fca6548a099130754a6efdb,5f96d3905cb98c2e4816eb33,5f96e8964346c00cb031c512,Blueberry Smoothie,400,2,,,,,3050,2020-12-04T16:29:11.550Z,
637672689,5fca6548a099130754a6efdb,5f96d3905cb98c2e4816eb33,5f96e8964346c00cb031c512,Blueberry Smoothie,400,2,,,,,3050,2020-12-04T16:29:11.550Z,
501648597,5fca6596c189bf3428df86d3,5f96d3905cb98c2e4816eb33,5f96e8964346c00cb031c512,Blueberry Smoothie,400,2,,,,,3050,2020-12-04T16:36:24.899Z,
501648597,5fca6596c189bf3428df86d3,5f96d3905cb98c2e4816eb33,5f96e8964346c00cb031c512,Blueberry Smoothie,400,2,,,,,3050,2020-12-04T16:36:24.899Z,
286527834,5fca65f5e4ffe853f8a893e8,5f96d3905cb98c2e4816eb33,5f96e8964346c00cb031c512,Blueberry Smoothie,400,2,,,,,3050,2020-12-04T16:37:40.308Z,
286527834,5fca65f5e4ffe853f8a893e8,5f96d3905cb98c2e4816eb33,5f96e8964346c00cb031c512,Blueberry Smoothie,400,2,,,,,3050,2020-12-04T16:37:40.308Z,
40642198,5fca66a799027e4a10e7b074,5f96d3905cb98c2e4816eb33,5f96e8964346c00cb031c512,Blueberry Smoothie,400,2,,,,,3050,2020-12-04T16:41:03.754Z,
40642198,5fca66a799027e4a10e7b074,5f96d3905cb98c2e4816eb33,5f96e8964346c00cb031c512,Blueberry Smoothie,400,2,,,,,3050,2020-12-04T16:41:03.754Z,
559742503,5fca670e73026458c41f9124,5f96d3905cb98c2e4816eb33,5f96e8964346c00cb031c512,Blueberry Smoothie,400,2,,,,,3050,2020-12-04T16:42:09.089Z,
559742503,5fca670e73026458c41f9124,5f96d3905cb98c2e4816eb33,5f96e8964346c00cb031c512,Blueberry Smoothie,400,2,,,,,3050,2020-12-04T16:42:09.089Z,
927082978,5fca679a7c1bbf30e0bbf9b0,5f96d3905cb98c2e4816eb33,5f96e8964346c00cb031c512,Blueberry Smoothie,400,2,,,,,3050,2020-12-04T16:45:04.186Z,
927082978,5fca679a7c1bbf30e0bbf9b0,5f96d3905cb98c2e4816eb33,5f96e8964346c00cb031c512,Blueberry Smoothie,400,2,,,,,3050,2020-12-04T16:45:04.186Z,
164806897,5fca6a327110eb563c09cb14,5f96d3905cb98c2e4816eb33,5f96e8964346c00cb031c512,Blueberry Smoothie,400,2,,,,,3050,2020-12-04T16:55:51.516Z,
164806897,5fca6a327110eb563c09cb14,5f96d3905cb98c2e4816eb33,5f96e8964346c00cb031c512,Blueberry Smoothie,400,2,,,,,3050,2020-12-04T16:55:51.516Z,
878956126,5fca6a89a2553a35107c6ea0,5f96d3905cb98c2e4816eb33,5f96e8964346c00cb031c512,Blueberry Smoothie,400,2,,,,,3050,2020-12-04T16:57:13.041Z,
878956126,5fca6a89a2553a35107c6ea0,5f96d3905cb98c2e4816eb33,5f96e8964346c00cb031c512,Blueberry Smoothie,400,2,,,,,3050,2020-12-04T16:57:13.041Z,
191940201,5fca6af280488d1a50fb7806,5f96d3905cb98c2e4816eb33,5f96e8964346c00cb031c512,Blueberry Smoothie,400,2,,,,,3050,2020-12-04T16:59:20.580Z,
191940201,5fca6af280488d1a50fb7806,5f96d3905cb98c2e4816eb33,5f96e8964346c00cb031c512,Blueberry Smoothie,400,2,,,,,3050,2020-12-04T16:59:20.580Z,
518904778,5fca6c971177ef1148f6803f,5f96d3905cb98c2e4816eb33,5f96e8964346c00cb031c512,Blueberry Smoothie,400,2,,,,,3050,2020-12-04T17:02:29.771Z,
518904778,5fca6c971177ef1148f6803f,5f96d3905cb98c2e4816eb33,5f96e8964346c00cb031c512,Blueberry Smoothie,400,2,,,,,3050,2020-12-04T17:02:29.771Z,
422552919,5fca7636afe8bc503c97173f,5f96d3905cb98c2e4816eb33,5f96e8964346c00cb031c512,Blueberry Smoothie,400,2,,,,,3050,2020-12-04T17:36:25.114Z,
422552919,5fca7636afe8bc503c97173f,5f96d3905cb98c2e4816eb33,5f96e8964346c00cb031c512,Blueberry Smoothie,400,2,,,,,3050,2020-12-04T17:36:25.114Z,
250990508,5fca7bc3000feb41ccbda17f,5f96d3905cb98c2e4816eb33,5f96e8964346c00cb031c512,Blueberry Smoothie,400,2,,,,,3050,2020-12-04T18:09:00.838Z,
250990508,5fca7bc3000feb41ccbda17f,5f96d3905cb98c2e4816eb33,5f96e8964346c00cb031c512,Blueberry Smoothie,400,2,,,,,3050,2020-12-04T18:09:00.838Z,
510005409,5fca7c30000feb41ccbda181,5f96d3905cb98c2e4816eb33,5f96e8964346c00cb031c512,Blueberry Smoothie,400,2,,,,,3050,2020-12-04T18:09:00.838Z,
510005409,5fca7c30000feb41ccbda181,5f96d3905cb98c2e4816eb33,5f96e8964346c00cb031c512,Blueberry Smoothie,400,2,,,,,3050,2020-12-04T18:09:00.838Z,
566613387,5fca7d13000feb41ccbda183,5f96d3905cb98c2e4816eb33,5f96e8964346c00cb031c512,Blueberry Smoothie,400,2,,,,,3050,2020-12-04T18:09:00.838Z,
566613387,5fca7d13000feb41ccbda183,5f96d3905cb98c2e4816eb33,5f96e8964346c00cb031c512,Blueberry Smoothie,400,2,,,,,3050,2020-12-04T18:09:00.838Z,
841819283,5fca7e7832a64b0b80d968f1,5f96d3905cb98c2e4816eb33,5f96e8964346c00cb031c512,Blueberry Smoothie,400,2,,,,,3050,2020-12-04T18:19:09.023Z,
841819283,5fca7e7832a64b0b80d968f1,5f96d3905cb98c2e4816eb33,5f96e8964346c00cb031c512,Blueberry Smoothie,400,2,,,,,3050,2020-12-04T18:19:09.023Z,
860895855,5fca7f2532a64b0b80d968f3,5f96d3905cb98c2e4816eb33,5f96e8964346c00cb031c512,Blueberry Smoothie,400,2,,,,,3050,2020-12-04T18:19:09.023Z,
860895855,5fca7f2532a64b0b80d968f3,5f96d3905cb98c2e4816eb33,5f96e8964346c00cb031c512,Blueberry Smoothie,400,2,,,,,3050,2020-12-04T18:19:09.023Z,
665178043,5fca7f9f5d2f650e34b40dcb,5f96d3905cb98c2e4816eb33,5f96e8964346c00cb031c512,Blueberry Smoothie,400,2,,,,,3050,2020-12-04T18:27:04.000Z,
665178043,5fca7f9f5d2f650e34b40dcb,5f96d3905cb98c2e4816eb33,5f96e8964346c00cb031c512,Blueberry Smoothie,400,2,,,,,3050,2020-12-04T18:27:04.000Z,
463653349,5fca8011b6cea24b70e92aa5,5f96d3905cb98c2e4816eb33,5f96e8964346c00cb031c512,Blueberry Smoothie,400,2,,,,,3050,2020-12-04T18:29:06.462Z,
463653349,5fca8011b6cea24b70e92aa5,5f96d3905cb98c2e4816eb33,5f96e8964346c00cb031c512,Blueberry Smoothie,400,2,,,,,3050,2020-12-04T18:29:06.462Z,
193292991,5fca8090c0acb227748c9fdf,5f96d3905cb98c2e4816eb33,5f96e8964346c00cb031c512,Blueberry Smoothie,400,2,,,,,3050,2020-12-04T18:31:26.262Z,
193292991,5fca8090c0acb227748c9fdf,5f96d3905cb98c2e4816eb33,5f96e8964346c00cb031c512,Blueberry Smoothie,400,2,,,,,3050,2020-12-04T18:31:26.262Z,
608632440,5fca853265d39c5ed4db3d72,5f96d3905cb98c2e4816eb33,5f96e8964346c00cb031c512,Blueberry Smoothie,400,2,,,,,3050,2020-12-04T18:51:11.694Z,
608632440,5fca853265d39c5ed4db3d72,5f96d3905cb98c2e4816eb33,5f96e8964346c00cb031c512,Blueberry Smoothie,400,2,,,,,3050,2020-12-04T18:51:11.694Z,
598418746,5fca858765d39c5ed4db3d74,5f96d3905cb98c2e4816eb33,5f96e8964346c00cb031c512,Blueberry Smoothie,400,2,,,,,3050,2020-12-04T18:51:11.694Z,
598418746,5fca858765d39c5ed4db3d74,5f96d3905cb98c2e4816eb33,5f96e8964346c00cb031c512,Blueberry Smoothie,400,2,,,,,3050,2020-12-04T18:51:11.694Z,
452350747,5fcb48115945200838119a88,5f96d3905cb98c2e4816eb33,5f96e8964346c00cb031c512,Blueberry Smoothie,400,2,,,,,3050,2020-12-05T08:42:11.551Z,
452350747,5fcb48115945200838119a88,5f96d3905cb98c2e4816eb33,5f96e8964346c00cb031c512,Blueberry Smoothie,400,2,,,,,3050,2020-12-05T08:42:11.551Z,
266645948,5fcb48f4c0f7025440172c20,5f96d3905cb98c2e4816eb33,5f96e8964346c00cb031c512,Blueberry Smoothie,400,2,,,,,3050,2020-12-05T08:44:32.070Z,
266645948,5fcb48f4c0f7025440172c20,5f96d3905cb98c2e4816eb33,5f96e8964346c00cb031c512,Blueberry Smoothie,400,2,,,,,3050,2020-12-05T08:44:32.070Z,
63668871,5fcb84d416db5b4cec36d118,5f96d3905cb98c2e4816eb33,5f96e8964346c00cb031c512,Blueberry Smoothie,400,2,,,,,2150,2020-12-05T13:00:55.285Z,
63668871,5fcb84d416db5b4cec36d118,5f96d3905cb98c2e4816eb33,5f96e8964346c00cb031c512,Blueberry Smoothie,400,2,,,,,2150,2020-12-05T13:00:55.285Z,
938500374,5fcb856c173c4c5fdcf16514,5f96d3905cb98c2e4816eb33,5f96e8964346c00cb031c512,Blueberry Smoothie,400,2,,,,,2150,2020-12-05T13:04:01.607Z,
938500374,5fcb856c173c4c5fdcf16514,5f96d3905cb98c2e4816eb33,5f96e8964346c00cb031c512,Blueberry Smoothie,400,2,,,,,2150,2020-12-05T13:04:01.607Z,
796387975,5fcb877770cc981978df6d07,5f96d3905cb98c2e4816eb33,5f96e8964346c00cb031c512,Blueberry Smoothie,400,2,,,,,2150,2020-12-05T13:13:11.425Z,
796387975,5fcb877770cc981978df6d07,5f96d3905cb98c2e4816eb33,5f96e8964346c00cb031c512,Blueberry Smoothie,400,2,,,,,2150,2020-12-05T13:13:11.425Z,
658170728,5fcb880346a03c0f0c093014,5f96d3905cb98c2e4816eb33,5f96e8964346c00cb031c512,Blueberry Smoothie,400,2,,,,,2150,2020-12-05T13:15:10.000Z,
658170728,5fcb880346a03c0f0c093014,5f96d3905cb98c2e4816eb33,5f96e8964346c00cb031c512,Blueberry Smoothie,400,2,,,,,2150,2020-12-05T13:15:10.000Z,
897808630,5fcb8b9299bb9d4060b5c94e,5f96d3905cb98c2e4816eb33,5f96e8964346c00cb031c512,Blueberry Smoothie,400,2,5f96e9c71fac783e6cc2ddbe,Deal 2,,1,4150,2020-12-05T13:29:08.269Z,
897808630,5fcb8b9299bb9d4060b5c94e,5f96d3905cb98c2e4816eb33,5f96e8964346c00cb031c512,Blueberry Smoothie,400,2,5f96e9c71fac783e6cc2ddbe,Deal 2,,1,4150,2020-12-05T13:29:08.269Z,
897808630,5fcb8b9299bb9d4060b5c94e,5f96d3905cb98c2e4816eb33,5f96e8964346c00cb031c512,Blueberry Smoothie,400,2,5f96e9c71fac783e6cc2ddbe,Deal 2,,1,4150,2020-12-05T13:29:08.269Z,
897808630,5fcb8b9299bb9d4060b5c94e,5f96d3905cb98c2e4816eb33,5f96e8964346c00cb031c512,Blueberry Smoothie,400,2,5f96e9c71fac783e6cc2ddbe,Deal 2,,1,4150,2020-12-05T13:29:08.269Z,
897808630,5fcb8b9299bb9d4060b5c94e,5f96d3905cb98c2e4816eb33,5f96e8964346c00cb031c512,Blueberry Smoothie,400,2,5f96e9c71fac783e6cc2ddbe,Deal 2,,1,4150,2020-12-05T13:29:08.269Z,
897808630,5fcb8b9299bb9d4060b5c94e,5f96d3905cb98c2e4816eb33,5f96e8964346c00cb031c512,Blueberry Smoothie,400,2,5f96e9c71fac783e6cc2ddbe,Deal 2,,1,4150,2020-12-05T13:29:08.269Z,
897808630,5fcb8b9299bb9d4060b5c94e,5f96d3905cb98c2e4816eb33,5f96e8964346c00cb031c512,Blueberry Smoothie,400,2,5f96e9c71fac783e6cc2ddbe,Deal 2,,1,4150,2020-12-05T13:29:08.269Z,
897808630,5fcb8b9299bb9d4060b5c94e,5f96d3905cb98c2e4816eb33,5f96e8964346c00cb031c512,Blueberry Smoothie,400,2,5f96e9c71fac783e6cc2ddbe,Deal 2,,1,4150,2020-12-05T13:29:08.269Z,
897808630,5fcb8b9299bb9d4060b5c94e,5f96d3905cb98c2e4816eb33,5f96e8964346c00cb031c512,Blueberry Smoothie,400,2,5f96e9c71fac783e6cc2ddbe,Deal 2,,1,4150,2020-12-05T13:29:08.269Z,
897808630,5fcb8b9299bb9d4060b5c94e,5f96d3905cb98c2e4816eb33,5f96e8964346c00cb031c512,Blueberry Smoothie,400,2,5f96e9c71fac783e6cc2ddbe,Deal 2,,1,4150,2020-12-05T13:29:08.269Z,
897808630,5fcb8b9299bb9d4060b5c94e,5f96d3905cb98c2e4816eb33,5f96e8964346c00cb031c512,Blueberry Smoothie,400,2,5f96e9c71fac783e6cc2ddbe,Deal 2,,1,4150,2020-12-05T13:29:08.269Z,
897808630,5fcb8b9299bb9d4060b5c94e,5f96d3905cb98c2e4816eb33,5f96e8964346c00cb031c512,Blueberry Smoothie,400,2,5f96e9c71fac783e6cc2ddbe,Deal 2,,1,4150,2020-12-05T13:29:08.269Z,
897808630,5fcb8b9299bb9d4060b5c94e,5f96d3905cb98c2e4816eb33,5f96e8964346c00cb031c512,Blueberry Smoothie,400,2,5f96e9c71fac783e6cc2ddbe,Deal 2,,1,4150,2020-12-05T13:29:08.269Z,
897808630,5fcb8b9299bb9d4060b5c94e,5f96d3905cb98c2e4816eb33,5f96e8964346c00cb031c512,Blueberry Smoothie,400,2,5f96e9c71fac783e6cc2ddbe,Deal 2,,1,4150,2020-12-05T13:29:08.269Z,
419561908,5fcb94a0ed4dd25f5843312d,5f96d3905cb98c2e4816eb33,5f96e8964346c00cb031c512,Blueberry Smoothie,400,2,5f96e9c71fac783e6cc2ddbe,Deal 2,,1,4150,2020-12-05T14:08:24.314Z,card
419561908,5fcb94a0ed4dd25f5843312d,5f96d3905cb98c2e4816eb33,5f96e8964346c00cb031c512,Blueberry Smoothie,400,2,5f96e9c71fac783e6cc2ddbe,Deal 2,,1,4150,2020-12-05T14:08:24.314Z,card
419561908,5fcb94a0ed4dd25f5843312d,5f96d3905cb98c2e4816eb33,5f96e8964346c00cb031c512,Blueberry Smoothie,400,2,5f96e9c71fac783e6cc2ddbe,Deal 2,,1,4150,2020-12-05T14:08:24.314Z,card
419561908,5fcb94a0ed4dd25f5843312d,5f96d3905cb98c2e4816eb33,5f96e8964346c00cb031c512,Blueberry Smoothie,400,2,5f96e9c71fac783e6cc2ddbe,Deal 2,,1,4150,2020-12-05T14:08:24.314Z,card
419561908,5fcb94a0ed4dd25f5843312d,5f96d3905cb98c2e4816eb33,5f96e8964346c00cb031c512,Blueberry Smoothie,400,2,5f96e9c71fac783e6cc2ddbe,Deal 2,,1,4150,2020-12-05T14:08:24.314Z,card
419561908,5fcb94a0ed4dd25f5843312d,5f96d3905cb98c2e4816eb33,5f96e8964346c00cb031c512,Blueberry Smoothie,400,2,5f96e9c71fac783e6cc2ddbe,Deal 2,,1,4150,2020-12-05T14:08:24.314Z,card
419561908,5fcb94a0ed4dd25f5843312d,5f96d3905cb98c2e4816eb33,5f96e8964346c00cb031c512,Blueberry Smoothie,400,2,5f96e9c71fac783e6cc2ddbe,Deal 2,,1,4150,2020-12-05T14:08:24.314Z,card
419561908,5fcb94a0ed4dd25f5843312d,5f96d3905cb98c2e4816eb33,5f96e8964346c00cb031c512,Blueberry Smoothie,400,2,5f96e9c71fac783e6cc2ddbe,Deal 2,,1,4150,2020-12-05T14:08:24.314Z,card
419561908,5fcb94a0ed4dd25f5843312d,5f96d3905cb98c2e4816eb33,5f96e8964346c00cb031c512,Blueberry Smoothie,400,2,5f96e9c71fac783e6cc2ddbe,Deal 2,,1,4150,2020-12-05T14:08:24.314Z,card
419561908,5fcb94a0ed4dd25f5843312d,5f96d3905cb98c2e4816eb33,5f96e8964346c00cb031c512,Blueberry Smoothie,400,2,5f96e9c71fac783e6cc2ddbe,Deal 2,,1,4150,2020-12-05T14:08:24.314Z,card
419561908,5fcb94a0ed4dd25f5843312d,5f96d3905cb98c2e4816eb33,5f96e8964346c00cb031c512,Blueberry Smoothie,400,2,5f96e9c71fac783e6cc2ddbe,Deal 2,,1,4150,2020-12-05T14:08:24.314Z,card
419561908,5fcb94a0ed4dd25f5843312d,5f96d3905cb98c2e4816eb33,5f96e8964346c00cb031c512,Blueberry Smoothie,400,2,5f96e9c71fac783e6cc2ddbe,Deal 2,,1,4150,2020-12-05T14:08:24.314Z,card
419561908,5fcb94a0ed4dd25f5843312d,5f96d3905cb98c2e4816eb33,5f96e8964346c00cb031c512,Blueberry Smoothie,400,2,5f96e9c71fac783e6cc2ddbe,Deal 2,,1,4150,2020-12-05T14:08:24.314Z,card
419561908,5fcb94a0ed4dd25f5843312d,5f96d3905cb98c2e4816eb33,5f96e8964346c00cb031c512,Blueberry Smoothie,400,2,5f96e9c71fac783e6cc2ddbe,Deal 2,,1,4150,2020-12-05T14:08:24.314Z,card
92947571,5fcb94dabb6466449c7471ff,5f96d3905cb98c2e4816eb33,5f96e8964346c00cb031c512,Blueberry Smoothie,400,2,5f96e9c71fac783e6cc2ddbe,Deal 2,,1,4150,2020-12-05T14:10:17.240Z,card
92947571,5fcb94dabb6466449c7471ff,5f96d3905cb98c2e4816eb33,5f96e8964346c00cb031c512,Blueberry Smoothie,400,2,5f96e9c71fac783e6cc2ddbe,Deal 2,,1,4150,2020-12-05T14:10:17.240Z,card
92947571,5fcb94dabb6466449c7471ff,5f96d3905cb98c2e4816eb33,5f96e8964346c00cb031c512,Blueberry Smoothie,400,2,5f96e9c71fac783e6cc2ddbe,Deal 2,,1,4150,2020-12-05T14:10:17.240Z,card
92947571,5fcb94dabb6466449c7471ff,5f96d3905cb98c2e4816eb33,5f96e8964346c00cb031c512,Blueberry Smoothie,400,2,5f96e9c71fac783e6cc2ddbe,Deal 2,,1,4150,2020-12-05T14:10:17.240Z,card
92947571,5fcb94dabb6466449c7471ff,5f96d3905cb98c2e4816eb33,5f96e8964346c00cb031c512,Blueberry Smoothie,400,2,5f96e9c71fac783e6cc2ddbe,Deal 2,,1,4150,2020-12-05T14:10:17.240Z,card
92947571,5fcb94dabb6466449c7471ff,5f96d3905cb98c2e4816eb33,5f96e8964346c00cb031c512,Blueberry Smoothie,400,2,5f96e9c71fac783e6cc2ddbe,Deal 2,,1,4150,2020-12-05T14:10:17.240Z,card
92947571,5fcb94dabb6466449c7471ff,5f96d3905cb98c2e4816eb33,5f96e8964346c00cb031c512,Blueberry Smoothie,400,2,5f96e9c71fac783e6cc2ddbe,Deal 2,,1,4150,2020-12-05T14:10:17.240Z,card
92947571,5fcb94dabb6466449c7471ff,5f96d3905cb98c2e4816eb33,5f96e8964346c00cb031c512,Blueberry Smoothie,400,2,5f96e9c71fac783e6cc2ddbe,Deal 2,,1,4150,2020-12-05T14:10:17.240Z,card
92947571,5fcb94dabb6466449c7471ff,5f96d3905cb98c2e4816eb33,5f96e8964346c00cb031c512,Blueberry Smoothie,400,2,5f96e9c71fac783e6cc2ddbe,Deal 2,,1,4150,2020-12-05T14:10:17.240Z,card
92947571,5fcb94dabb6466449c7471ff,5f96d3905cb98c2e4816eb33,5f96e8964346c00cb031c512,Blueberry Smoothie,400,2,5f96e9c71fac783e6cc2ddbe,Deal 2,,1,4150,2020-12-05T14:10:17.240Z,card
92947571,5fcb94dabb6466449c7471ff,5f96d3905cb98c2e4816eb33,5f96e8964346c00cb031c512,Blueberry Smoothie,400,2,5f96e9c71fac783e6cc2ddbe,Deal 2,,1,4150,2020-12-05T14:10:17.240Z,card
92947571,5fcb94dabb6466449c7471ff,5f96d3905cb98c2e4816eb33,5f96e8964346c00cb031c512,Blueberry Smoothie,400,2,5f96e9c71fac783e6cc2ddbe,Deal 2,,1,4150,2020-12-05T14:10:17.240Z,card
92947571,5fcb94dabb6466449c7471ff,5f96d3905cb98c2e4816eb33,5f96e8964346c00cb031c512,Blueberry Smoothie,400,2,5f96e9c71fac783e6cc2ddbe,Deal 2,,1,4150,2020-12-05T14:10:17.240Z,card
92947571,5fcb94dabb6466449c7471ff,5f96d3905cb98c2e4816eb33,5f96e8964346c00cb031c512,Blueberry Smoothie,400,2,5f96e9c71fac783e6cc2ddbe,Deal 2,,1,4150,2020-12-05T14:10:17.240Z,card
451689783,5fcb952968ee3c4be83e9e3d,5f96d3905cb98c2e4816eb33,5f96e8964346c00cb031c512,Blueberry Smoothie,400,2,5f96e9c71fac783e6cc2ddbe,Deal 2,,1,4150,2020-12-05T14:11:26.337Z,card
451689783,5fcb952968ee3c4be83e9e3d,5f96d3905cb98c2e4816eb33,5f96e8964346c00cb031c512,Blueberry Smoothie,400,2,5f96e9c71fac783e6cc2ddbe,Deal 2,,1,4150,2020-12-05T14:11:26.337Z,card
451689783,5fcb952968ee3c4be83e9e3d,5f96d3905cb98c2e4816eb33,5f96e8964346c00cb031c512,Blueberry Smoothie,400,2,5f96e9c71fac783e6cc2ddbe,Deal 2,,1,4150,2020-12-05T14:11:26.337Z,card
451689783,5fcb952968ee3c4be83e9e3d,5f96d3905cb98c2e4816eb33,5f96e8964346c00cb031c512,Blueberry Smoothie,400,2,5f96e9c71fac783e6cc2ddbe,Deal 2,,1,4150,2020-12-05T14:11:26.337Z,card
451689783,5fcb952968ee3c4be83e9e3d,5f96d3905cb98c2e4816eb33,5f96e8964346c00cb031c512,Blueberry Smoothie,400,2,5f96e9c71fac783e6cc2ddbe,Deal 2,,1,4150,2020-12-05T14:11:26.337Z,card
451689783,5fcb952968ee3c4be83e9e3d,5f96d3905cb98c2e4816eb33,5f96e8964346c00cb031c512,Blueberry Smoothie,400,2,5f96e9c71fac783e6cc2ddbe,Deal 2,,1,4150,2020-12-05T14:11:26.337Z,card
451689783,5fcb952968ee3c4be83e9e3d,5f96d3905cb98c2e4816eb33,5f96e8964346c00cb031c512,Blueberry Smoothie,400,2,5f96e9c71fac783e6cc2ddbe,Deal 2,,1,4150,2020-12-05T14:11:26.337Z,card
451689783,5fcb952968ee3c4be83e9e3d,5f96d3905cb98c2e4816eb33,5f96e8964346c00cb031c512,Blueberry Smoothie,400,2,5f96e9c71fac783e6cc2ddbe,Deal 2,,1,4150,2020-12-05T14:11:26.337Z,card
451689783,5fcb952968ee3c4be83e9e3d,5f96d3905cb98c2e4816eb33,5f96e8964346c00cb031c512,Blueberry Smoothie,400,2,5f96e9c71fac783e6cc2ddbe,Deal 2,,1,4150,2020-12-05T14:11:26.337Z,card
451689783,5fcb952968ee3c4be83e9e3d,5f96d3905cb98c2e4816eb33,5f96e8964346c00cb031c512,Blueberry Smoothie,400,2,5f96e9c71fac783e6cc2ddbe,Deal 2,,1,4150,2020-12-05T14:11:26.337Z,card
451689783,5fcb952968ee3c4be83e9e3d,5f96d3905cb98c2e4816eb33,5f96e8964346c00cb031c512,Blueberry Smoothie,400,2,5f96e9c71fac783e6cc2ddbe,Deal 2,,1,4150,2020-12-05T14:11:26.337Z,card
451689783,5fcb952968ee3c4be83e9e3d,5f96d3905cb98c2e4816eb33,5f96e8964346c00cb031c512,Blueberry Smoothie,400,2,5f96e9c71fac783e6cc2ddbe,Deal 2,,1,4150,2020-12-05T14:11:26.337Z,card
451689783,5fcb952968ee3c4be83e9e3d,5f96d3905cb98c2e4816eb33,5f96e8964346c00cb031c512,Blueberry Smoothie,400,2,5f96e9c71fac783e6cc2ddbe,Deal 2,,1,4150,2020-12-05T14:11:26.337Z,card
451689783,5fcb952968ee3c4be83e9e3d,5f96d3905cb98c2e4816eb33,5f96e8964346c00cb031c512,Blueberry Smoothie,400,2,5f96e9c71fac783e6cc2ddbe,Deal 2,,1,4150,2020-12-05T14:11:26.337Z,card
711709063,5fcb95965e7214464cac4e29,5f96d3905cb98c2e4816eb33,5f96e8964346c00cb031c512,Blueberry Smoothie,400,2,5f96e9c71fac783e6cc2ddbe,Deal 2,,1,4150,2020-12-05T14:13:31.184Z,card
711709063,5fcb95965e7214464cac4e29,5f96d3905cb98c2e4816eb33,5f96e8964346c00cb031c512,Blueberry Smoothie,400,2,5f96e9c71fac783e6cc2ddbe,Deal 2,,1,4150,2020-12-05T14:13:31.184Z,card
711709063,5fcb95965e7214464cac4e29,5f96d3905cb98c2e4816eb33,5f96e8964346c00cb031c512,Blueberry Smoothie,400,2,5f96e9c71fac783e6cc2ddbe,Deal 2,,1,4150,2020-12-05T14:13:31.184Z,card
711709063,5fcb95965e7214464cac4e29,5f96d3905cb98c2e4816eb33,5f96e8964346c00cb031c512,Blueberry Smoothie,400,2,5f96e9c71fac783e6cc2ddbe,Deal 2,,1,4150,2020-12-05T14:13:31.184Z,card
711709063,5fcb95965e7214464cac4e29,5f96d3905cb98c2e4816eb33,5f96e8964346c00cb031c512,Blueberry Smoothie,400,2,5f96e9c71fac783e6cc2ddbe,Deal 2,,1,4150,2020-12-05T14:13:31.184Z,card
711709063,5fcb95965e7214464cac4e29,5f96d3905cb98c2e4816eb33,5f96e8964346c00cb031c512,Blueberry Smoothie,400,2,5f96e9c71fac783e6cc2ddbe,Deal 2,,1,4150,2020-12-05T14:13:31.184Z,card
711709063,5fcb95965e7214464cac4e29,5f96d3905cb98c2e4816eb33,5f96e8964346c00cb031c512,Blueberry Smoothie,400,2,5f96e9c71fac783e6cc2ddbe,Deal 2,,1,4150,2020-12-05T14:13:31.184Z,card
711709063,5fcb95965e7214464cac4e29,5f96d3905cb98c2e4816eb33,5f96e8964346c00cb031c512,Blueberry Smoothie,400,2,5f96e9c71fac783e6cc2ddbe,Deal 2,,1,4150,2020-12-05T14:13:31.184Z,card
711709063,5fcb95965e7214464cac4e29,5f96d3905cb98c2e4816eb33,5f96e8964346c00cb031c512,Blueberry Smoothie,400,2,5f96e9c71fac783e6cc2ddbe,Deal 2,,1,4150,2020-12-05T14:13:31.184Z,card
711709063,5fcb95965e7214464cac4e29,5f96d3905cb98c2e4816eb33,5f96e8964346c00cb031c512,Blueberry Smoothie,400,2,5f96e9c71fac783e6cc2ddbe,Deal 2,,1,4150,2020-12-05T14:13:31.184Z,card
711709063,5fcb95965e7214464cac4e29,5f96d3905cb98c2e4816eb33,5f96e8964346c00cb031c512,Blueberry Smoothie,400,2,5f96e9c71fac783e6cc2ddbe,Deal 2,,1,4150,2020-12-05T14:13:31.184Z,card
711709063,5fcb95965e7214464cac4e29,5f96d3905cb98c2e4816eb33,5f96e8964346c00cb031c512,Blueberry Smoothie,400,2,5f96e9c71fac783e6cc2ddbe,Deal 2,,1,4150,2020-12-05T14:13:31.184Z,card
711709063,5fcb95965e7214464cac4e29,5f96d3905cb98c2e4816eb33,5f96e8964346c00cb031c512,Blueberry Smoothie,400,2,5f96e9c71fac783e6cc2ddbe,Deal 2,,1,4150,2020-12-05T14:13:31.184Z,card
711709063,5fcb95965e7214464cac4e29,5f96d3905cb98c2e4816eb33,5f96e8964346c00cb031c512,Blueberry Smoothie,400,2,5f96e9c71fac783e6cc2ddbe,Deal 2,,1,4150,2020-12-05T14:13:31.184Z,card
288722975,5fcb9a3c46e397537040249a,5f96d3905cb98c2e4816eb33,5f96e8964346c00cb031c512,Blueberry Smoothie,400,2,5f96e9c71fac783e6cc2ddbe,Deal 2,,1,4150,2020-12-05T14:33:06.088Z,card
288722975,5fcb9a3c46e397537040249a,5f96d3905cb98c2e4816eb33,5f96e8964346c00cb031c512,Blueberry Smoothie,400,2,5f96e9c71fac783e6cc2ddbe,Deal 2,,1,4150,2020-12-05T14:33:06.088Z,card
288722975,5fcb9a3c46e397537040249a,5f96d3905cb98c2e4816eb33,5f96e8964346c00cb031c512,Blueberry Smoothie,400,2,5f96e9c71fac783e6cc2ddbe,Deal 2,,1,4150,2020-12-05T14:33:06.088Z,card
288722975,5fcb9a3c46e397537040249a,5f96d3905cb98c2e4816eb33,5f96e8964346c00cb031c512,Blueberry Smoothie,400,2,5f96e9c71fac783e6cc2ddbe,Deal 2,,1,4150,2020-12-05T14:33:06.088Z,card
288722975,5fcb9a3c46e397537040249a,5f96d3905cb98c2e4816eb33,5f96e8964346c00cb031c512,Blueberry Smoothie,400,2,5f96e9c71fac783e6cc2ddbe,Deal 2,,1,4150,2020-12-05T14:33:06.088Z,card
288722975,5fcb9a3c46e397537040249a,5f96d3905cb98c2e4816eb33,5f96e8964346c00cb031c512,Blueberry Smoothie,400,2,5f96e9c71fac783e6cc2ddbe,Deal 2,,1,4150,2020-12-05T14:33:06.088Z,card
288722975,5fcb9a3c46e397537040249a,5f96d3905cb98c2e4816eb33,5f96e8964346c00cb031c512,Blueberry Smoothie,400,2,5f96e9c71fac783e6cc2ddbe,Deal 2,,1,4150,2020-12-05T14:33:06.088Z,card
288722975,5fcb9a3c46e397537040249a,5f96d3905cb98c2e4816eb33,5f96e8964346c00cb031c512,Blueberry Smoothie,400,2,5f96e9c71fac783e6cc2ddbe,Deal 2,,1,4150,2020-12-05T14:33:06.088Z,card
288722975,5fcb9a3c46e397537040249a,5f96d3905cb98c2e4816eb33,5f96e8964346c00cb031c512,Blueberry Smoothie,400,2,5f96e9c71fac783e6cc2ddbe,Deal 2,,1,4150,2020-12-05T14:33:06.088Z,card
288722975,5fcb9a3c46e397537040249a,5f96d3905cb98c2e4816eb33,5f96e8964346c00cb031c512,Blueberry Smoothie,400,2,5f96e9c71fac783e6cc2ddbe,Deal 2,,1,4150,2020-12-05T14:33:06.088Z,card
288722975,5fcb9a3c46e397537040249a,5f96d3905cb98c2e4816eb33,5f96e8964346c00cb031c512,Blueberry Smoothie,400,2,5f96e9c71fac783e6cc2ddbe,Deal 2,,1,4150,2020-12-05T14:33:06.088Z,card
288722975,5fcb9a3c46e397537040249a,5f96d3905cb98c2e4816eb33,5f96e8964346c00cb031c512,Blueberry Smoothie,400,2,5f96e9c71fac783e6cc2ddbe,Deal 2,,1,4150,2020-12-05T14:33:06.088Z,card
288722975,5fcb9a3c46e397537040249a,5f96d3905cb98c2e4816eb33,5f96e8964346c00cb031c512,Blueberry Smoothie,400,2,5f96e9c71fac783e6cc2ddbe,Deal 2,,1,4150,2020-12-05T14:33:06.088Z,card
288722975,5fcb9a3c46e397537040249a,5f96d3905cb98c2e4816eb33,5f96e8964346c00cb031c512,Blueberry Smoothie,400,2,5f96e9c71fac783e6cc2ddbe,Deal 2,,1,4150,2020-12-05T14:33:06.088Z,card
997311798,5fcb9acca1ddce06d02a5ceb,5f96d3905cb98c2e4816eb33,5f96e8964346c00cb031c512,Blueberry Smoothie,400,2,5f96e9c71fac783e6cc2ddbe,Deal 2,,1,4150,2020-12-05T14:35:39.421Z,card
997311798,5fcb9acca1ddce06d02a5ceb,5f96d3905cb98c2e4816eb33,5f96e8964346c00cb031c512,Blueberry Smoothie,400,2,5f96e9c71fac783e6cc2ddbe,Deal 2,,1,4150,2020-12-05T14:35:39.421Z,card
997311798,5fcb9acca1ddce06d02a5ceb,5f96d3905cb98c2e4816eb33,5f96e8964346c00cb031c512,Blueberry Smoothie,400,2,5f96e9c71fac783e6cc2ddbe,Deal 2,,1,4150,2020-12-05T14:35:39.421Z,card
997311798,5fcb9acca1ddce06d02a5ceb,5f96d3905cb98c2e4816eb33,5f96e8964346c00cb031c512,Blueberry Smoothie,400,2,5f96e9c71fac783e6cc2ddbe,Deal 2,,1,4150,2020-12-05T14:35:39.421Z,card
997311798,5fcb9acca1ddce06d02a5ceb,5f96d3905cb98c2e4816eb33,5f96e8964346c00cb031c512,Blueberry Smoothie,400,2,5f96e9c71fac783e6cc2ddbe,Deal 2,,1,4150,2020-12-05T14:35:39.421Z,card
997311798,5fcb9acca1ddce06d02a5ceb,5f96d3905cb98c2e4816eb33,5f96e8964346c00cb031c512,Blueberry Smoothie,400,2,5f96e9c71fac783e6cc2ddbe,Deal 2,,1,4150,2020-12-05T14:35:39.421Z,card
997311798,5fcb9acca1ddce06d02a5ceb,5f96d3905cb98c2e4816eb33,5f96e8964346c00cb031c512,Blueberry Smoothie,400,2,5f96e9c71fac783e6cc2ddbe,Deal 2,,1,4150,2020-12-05T14:35:39.421Z,card
997311798,5fcb9acca1ddce06d02a5ceb,5f96d3905cb98c2e4816eb33,5f96e8964346c00cb031c512,Blueberry Smoothie,400,2,5f96e9c71fac783e6cc2ddbe,Deal 2,,1,4150,2020-12-05T14:35:39.421Z,card
997311798,5fcb9acca1ddce06d02a5ceb,5f96d3905cb98c2e4816eb33,5f96e8964346c00cb031c512,Blueberry Smoothie,400,2,5f96e9c71fac783e6cc2ddbe,Deal 2,,1,4150,2020-12-05T14:35:39.421Z,card
997311798,5fcb9acca1ddce06d02a5ceb,5f96d3905cb98c2e4816eb33,5f96e8964346c00cb031c512,Blueberry Smoothie,400,2,5f96e9c71fac783e6cc2ddbe,Deal 2,,1,4150,2020-12-05T14:35:39.421Z,card
997311798,5fcb9acca1ddce06d02a5ceb,5f96d3905cb98c2e4816eb33,5f96e8964346c00cb031c512,Blueberry Smoothie,400,2,5f96e9c71fac783e6cc2ddbe,Deal 2,,1,4150,2020-12-05T14:35:39.421Z,card
997311798,5fcb9acca1ddce06d02a5ceb,5f96d3905cb98c2e4816eb33,5f96e8964346c00cb031c512,Blueberry Smoothie,400,2,5f96e9c71fac783e6cc2ddbe,Deal 2,,1,4150,2020-12-05T14:35:39.421Z,card
997311798,5fcb9acca1ddce06d02a5ceb,5f96d3905cb98c2e4816eb33,5f96e8964346c00cb031c512,Blueberry Smoothie,400,2,5f96e9c71fac783e6cc2ddbe,Deal 2,,1,4150,2020-12-05T14:35:39.421Z,card
997311798,5fcb9acca1ddce06d02a5ceb,5f96d3905cb98c2e4816eb33,5f96e8964346c00cb031c512,Blueberry Smoothie,400,2,5f96e9c71fac783e6cc2ddbe,Deal 2,,1,4150,2020-12-05T14:35:39.421Z,card
897815237,5fcb9c3e4d86aa45344569b2,5f96d3905cb98c2e4816eb33,5f96e8964346c00cb031c512,Blueberry Smoothie,400,6,,,,,2400,2020-12-05T14:41:03.918Z,card
526501128,5fcba61c76b56328c8466eae,5f96d3905cb98c2e4816eb33,5f96df9e379eb6263093e39d,Chicken Burger,450,3,,,,,1350,2020-12-05T15:23:50.378Z,card
553288036,5fcbacd55b4b3938686bc2da,5f96d3905cb98c2e4816eb33,5f96e8964346c00cb031c512,Blueberry Smoothie,400,1,,,,,400,2020-12-05T15:43:22.356Z,cod
861699918,5fce37deb907c90254a505cb,5f96d3905cb98c2e4816eb33,5f96e8964346c00cb031c512,Blueberry Smoothie,400,3,,,,,2400,2020-12-07T14:10:26.387Z,card
861699918,5fce37deb907c90254a505cb,5f96d3905cb98c2e4816eb33,5f96e8964346c00cb031c512,Blueberry Smoothie,400,3,,,,,2400,2020-12-07T14:10:26.387Z,card
861699918,5fce37deb907c90254a505cb,5f96d3905cb98c2e4816eb33,5f96e8964346c00cb031c512,Blueberry Smoothie,400,3,,,,,2400,2020-12-07T14:10:26.387Z,card
49776860,5fce38ddb907c90254a505cd,5f96d3905cb98c2e4816eb33,5f96e8964346c00cb031c512,Blueberry Smoothie,400,3,,,,,2400,2020-12-07T14:10:26.387Z,cod
49776860,5fce38ddb907c90254a505cd,5f96d3905cb98c2e4816eb33,5f96e8964346c00cb031c512,Blueberry Smoothie,400,3,,,,,2400,2020-12-07T14:10:26.387Z,cod
49776860,5fce38ddb907c90254a505cd,5f96d3905cb98c2e4816eb33,5f96e8964346c00cb031c512,Blueberry Smoothie,400,3,,,,,2400,2020-12-07T14:10:26.387Z,cod
802182917,5fce3d2a62ebaa10bcfc3e40,5f96d3905cb98c2e4816eb33,5f96e8964346c00cb031c512,Blueberry Smoothie,400,3,,,,,2400,2020-12-07T14:31:04.116Z,cod
802182917,5fce3d2a62ebaa10bcfc3e40,5f96d3905cb98c2e4816eb33,5f96e8964346c00cb031c512,Blueberry Smoothie,400,3,,,,,2400,2020-12-07T14:31:04.116Z,cod
802182917,5fce3d2a62ebaa10bcfc3e40,5f96d3905cb98c2e4816eb33,5f96e8964346c00cb031c512,Blueberry Smoothie,400,3,,,,,2400,2020-12-07T14:31:04.116Z,cod
722906289,5fce3da9deb38d1c941af6f2,5f96d3905cb98c2e4816eb33,5f96e8964346c00cb031c512,Blueberry Smoothie,400,3,,,,,2400,2020-12-07T14:35:09.126Z,card
722906289,5fce3da9deb38d1c941af6f2,5f96d3905cb98c2e4816eb33,5f96e8964346c00cb031c512,Blueberry Smoothie,400,3,,,,,2400,2020-12-07T14:35:09.126Z,card
722906289,5fce3da9deb38d1c941af6f2,5f96d3905cb98c2e4816eb33,5f96e8964346c00cb031c512,Blueberry Smoothie,400,3,,,,,2400,2020-12-07T14:35:09.126Z,card
178703490,5fce3db4deb38d1c941af6f4,5f96d3905cb98c2e4816eb33,5f96e8964346c00cb031c512,Blueberry Smoothie,400,3,,,,,2400,2020-12-07T14:35:09.126Z,cod
178703490,5fce3db4deb38d1c941af6f4,5f96d3905cb98c2e4816eb33,5f96e8964346c00cb031c512,Blueberry Smoothie,400,3,,,,,2400,2020-12-07T14:35:09.126Z,cod
178703490,5fce3db4deb38d1c941af6f4,5f96d3905cb98c2e4816eb33,5f96e8964346c00cb031c512,Blueberry Smoothie,400,3,,,,,2400,2020-12-07T14:35:09.126Z,cod
376239720,5fce49b77c8f252eb475ece6,5f96d3905cb98c2e4816eb33,5f96e8964346c00cb031c512,Blueberry Smoothie,400,3,,,,,2400,2020-12-07T15:24:51.086Z,cod
376239720,5fce49b77c8f252eb475ece6,5f96d3905cb98c2e4816eb33,5f96e8964346c00cb031c512,Blueberry Smoothie,400,3,,,,,2400,2020-12-07T15:24:51.086Z,cod
376239720,5fce49b77c8f252eb475ece6,5f96d3905cb98c2e4816eb33,5f96e8964346c00cb031c512,Blueberry Smoothie,400,3,,,,,2400,2020-12-07T15:24:51.086Z,cod
595262417,5fce517cbfb9c92e2c2031b3,5f96d3905cb98c2e4816eb33,5f96e8964346c00cb031c512,Blueberry Smoothie,400,3,,,,,2400,2020-12-07T15:46:06.991Z,card
595262417,5fce517cbfb9c92e2c2031b3,5f96d3905cb98c2e4816eb33,5f96e8964346c00cb031c512,Blueberry Smoothie,400,3,,,,,2400,2020-12-07T15:46:06.991Z,card
595262417,5fce517cbfb9c92e2c2031b3,5f96d3905cb98c2e4816eb33,5f96e8964346c00cb031c512,Blueberry Smoothie,400,3,,,,,2400,2020-12-07T15:46:06.991Z,card
87748113,5fce5189bfb9c92e2c2031b5,5f96d3905cb98c2e4816eb33,5f96e8964346c00cb031c512,Blueberry Smoothie,400,3,,,,,2400,2020-12-07T15:46:06.991Z,cod
87748113,5fce5189bfb9c92e2c2031b5,5f96d3905cb98c2e4816eb33,5f96e8964346c00cb031c512,Blueberry Smoothie,400,3,,,,,2400,2020-12-07T15:46:06.991Z,cod
87748113,5fce5189bfb9c92e2c2031b5,5f96d3905cb98c2e4816eb33,5f96e8964346c00cb031c512,Blueberry Smoothie,400,3,,,,,2400,2020-12-07T15:46:06.991Z,cod
469829258,5fce5270309b011a6463d82c,5f96d3905cb98c2e4816eb33,5f96e8964346c00cb031c512,Blueberry Smoothie,400,3,,,,,2400,2020-12-07T16:03:48.066Z,cod
469829258,5fce5270309b011a6463d82c,5f96d3905cb98c2e4816eb33,5f96e8964346c00cb031c512,Blueberry Smoothie,400,3,,,,,2400,2020-12-07T16:03:48.066Z,cod
469829258,5fce5270309b011a6463d82c,5f96d3905cb98c2e4816eb33,5f96e8964346c00cb031c512,Blueberry Smoothie,400,3,,,,,2400,2020-12-07T16:03:48.066Z,cod
598515691,5fcf7048be1a002d90a8871e,5f96d3905cb98c2e4816eb33,5f96e8964346c00cb031c512,Blueberry Smoothie,400,2,,,,,800,2020-12-08T12:22:34.194Z,card
318740891,5fcf7057be1a002d90a88720,5f96d3905cb98c2e4816eb33,5f96e8964346c00cb031c512,Blueberry Smoothie,400,2,,,,,800,2020-12-08T12:22:34.194Z,card
393760637,5fcf706bbe1a002d90a88722,5f96d3905cb98c2e4816eb33,5f96e8964346c00cb031c512,Blueberry Smoothie,400,2,,,,,800,2020-12-08T12:22:34.194Z,cod
281893444,5fcf727db79ff4223c96810f,5f96d3905cb98c2e4816eb33,5f96e8964346c00cb031c512,Blueberry Smoothie,400,2,,,,,800,2020-12-08T12:29:09.608Z,cod
859983353,5fcf7d5fa684556c50e36ad5,5f96d3905cb98c2e4816eb33,5f997818a5c3a2124cc2c9e2,Fish Steak,1100,3,,,,,3750,2020-12-08T13:17:30.194Z,cod
859983353,5fcf7d5fa684556c50e36ad5,5f96d3905cb98c2e4816eb33,5f997818a5c3a2124cc2c9e2,Fish Steak,1100,3,,,,,3750,2020-12-08T13:17:30.194Z,cod
987367026,5fcf7e101917ea18b845dd5c,5f96d3905cb98c2e4816eb33,5f96e8964346c00cb031c512,Blueberry Smoothie,400,3,,,,,1200,2020-12-08T13:20:37.786Z,cod
356346065,5fcf7fda7a7b3f11000f2aea,5f96d3905cb98c2e4816eb33,5f96e8964346c00cb031c512,Blueberry Smoothie,400,2,,,,,800,2020-12-08T13:29:31.828Z,card
90157913,5fcf801b7a7b3f11000f2aeb,5f96d3905cb98c2e4816eb33,5f997818a5c3a2124cc2c9e2,Fish Steak,1100,3,,,,,3300,2020-12-08T13:29:31.828Z,card
773237847,5fcf804d7a7b3f11000f2aec,5f96d3905cb98c2e4816eb33,5f96e9121fac783e6cc2ddbc,Strawberry Smoothie,450,2,,,,,900,2020-12-08T13:29:31.828Z,cod
564111420,5fcf856347c92f23b4d3d2e1,5f96d3905cb98c2e4816eb33,5f96df9e379eb6263093e39d,Chicken Burger,450,4,,,,,1800,2020-12-08T13:32:57.590Z,cod
265260608,5fcf857d47c92f23b4d3d2e2,5f96d3905cb98c2e4816eb33,5f96e8964346c00cb031c512,Blueberry Smoothie,400,5,,,,,2000,2020-12-08T13:32:57.590Z,cod
77830920,5fcf85c947c92f23b4d3d2e3,5f96d3905cb98c2e4816eb33,5f96e9121fac783e6cc2ddbc,Strawberry Smoothie,450,1,,,,,2050,2020-12-08T13:32:57.590Z,cod
77830920,5fcf85c947c92f23b4d3d2e3,5f96d3905cb98c2e4816eb33,5f96e9121fac783e6cc2ddbc,Strawberry Smoothie,450,1,,,,,2050,2020-12-08T13:32:57.590Z,cod
77830920,5fcf85c947c92f23b4d3d2e3,5f96d3905cb98c2e4816eb33,5f96e9121fac783e6cc2ddbc,Strawberry Smoothie,450,1,,,,,2050,2020-12-08T13:32:57.590Z,cod
77830920,5fcf85c947c92f23b4d3d2e3,5f96d3905cb98c2e4816eb33,5f96e9121fac783e6cc2ddbc,Strawberry Smoothie,450,1,,,,,2050,2020-12-08T13:32:57.590Z,cod
421849316,5fcf886247c92f23b4d3d2e7,5f96d3905cb98c2e4816eb33,5f997818a5c3a2124cc2c9e2,Fish Steak,1100,1,5f96ea331fac783e6cc2ddbf,Deal 3,,1,11100,2020-12-08T13:32:57.590Z,cod
421849316,5fcf886247c92f23b4d3d2e7,5f96d3905cb98c2e4816eb33,5f997818a5c3a2124cc2c9e2,Fish Steak,1100,1,5f96ea331fac783e6cc2ddbf,Deal 3,,1,11100,2020-12-08T13:32:57.590Z,cod
421849316,5fcf886247c92f23b4d3d2e7,5f96d3905cb98c2e4816eb33,5f997818a5c3a2124cc2c9e2,Fish Steak,1100,1,5f96ea331fac783e6cc2ddbf,Deal 3,,1,11100,2020-12-08T13:32:57.590Z,cod
421849316,5fcf886247c92f23b4d3d2e7,5f96d3905cb98c2e4816eb33,5f997818a5c3a2124cc2c9e2,Fish Steak,1100,1,5f96ea331fac783e6cc2ddbf,Deal 3,,1,11100,2020-12-08T13:32:57.590Z,cod
421849316,5fcf886247c92f23b4d3d2e7,5f96d3905cb98c2e4816eb33,5f997818a5c3a2124cc2c9e2,Fish Steak,1100,1,5f96ea331fac783e6cc2ddbf,Deal 3,,1,11100,2020-12-08T13:32:57.590Z,cod
421849316,5fcf886247c92f23b4d3d2e7,5f96d3905cb98c2e4816eb33,5f997818a5c3a2124cc2c9e2,Fish Steak,1100,1,5f96ea331fac783e6cc2ddbf,Deal 3,,1,11100,2020-12-08T13:32:57.590Z,cod
421849316,5fcf886247c92f23b4d3d2e7,5f96d3905cb98c2e4816eb33,5f997818a5c3a2124cc2c9e2,Fish Steak,1100,1,5f96ea331fac783e6cc2ddbf,Deal 3,,1,11100,2020-12-08T13:32:57.590Z,cod
421849316,5fcf886247c92f23b4d3d2e7,5f96d3905cb98c2e4816eb33,5f997818a5c3a2124cc2c9e2,Fish Steak,1100,1,5f96ea331fac783e6cc2ddbf,Deal 3,,1,11100,2020-12-08T13:32:57.590Z,cod
421849316,5fcf886247c92f23b4d3d2e7,5f96d3905cb98c2e4816eb33,5f997818a5c3a2124cc2c9e2,Fish Steak,1100,1,5f96ea331fac783e6cc2ddbf,Deal 3,,1,11100,2020-12-08T13:32:57.590Z,cod
421849316,5fcf886247c92f23b4d3d2e7,5f96d3905cb98c2e4816eb33,5f997818a5c3a2124cc2c9e2,Fish Steak,1100,1,5f96ea331fac783e6cc2ddbf,Deal 3,,1,11100,2020-12-08T13:32:57.590Z,cod
421849316,5fcf886247c92f23b4d3d2e7,5f96d3905cb98c2e4816eb33,5f997818a5c3a2124cc2c9e2,Fish Steak,1100,1,5f96ea331fac783e6cc2ddbf,Deal 3,,1,11100,2020-12-08T13:32:57.590Z,cod
421849316,5fcf886247c92f23b4d3d2e7,5f96d3905cb98c2e4816eb33,5f997818a5c3a2124cc2c9e2,Fish Steak,1100,1,5f96ea331fac783e6cc2ddbf,Deal 3,,1,11100,2020-12-08T13:32:57.590Z,cod
421849316,5fcf886247c92f23b4d3d2e7,5f96d3905cb98c2e4816eb33,5f997818a5c3a2124cc2c9e2,Fish Steak,1100,1,5f96ea331fac783e6cc2ddbf,Deal 3,,1,11100,2020-12-08T13:32:57.590Z,cod
421849316,5fcf886247c92f23b4d3d2e7,5f96d3905cb98c2e4816eb33,5f997818a5c3a2124cc2c9e2,Fish Steak,1100,1,5f96ea331fac783e6cc2ddbf,Deal 3,,1,11100,2020-12-08T13:32:57.590Z,cod
421849316,5fcf886247c92f23b4d3d2e7,5f96d3905cb98c2e4816eb33,5f997818a5c3a2124cc2c9e2,Fish Steak,1100,1,5f96ea331fac783e6cc2ddbf,Deal 3,,1,11100,2020-12-08T13:32:57.590Z,cod
421849316,5fcf886247c92f23b4d3d2e7,5f96d3905cb98c2e4816eb33,5f997818a5c3a2124cc2c9e2,Fish Steak,1100,1,5f96ea331fac783e6cc2ddbf,Deal 3,,1,11100,2020-12-08T13:32:57.590Z,cod
421849316,5fcf886247c92f23b4d3d2e7,5f96d3905cb98c2e4816eb33,5f997818a5c3a2124cc2c9e2,Fish Steak,1100,1,5f96ea331fac783e6cc2ddbf,Deal 3,,1,11100,2020-12-08T13:32:57.590Z,cod
421849316,5fcf886247c92f23b4d3d2e7,5f96d3905cb98c2e4816eb33,5f997818a5c3a2124cc2c9e2,Fish Steak,1100,1,5f96ea331fac783e6cc2ddbf,Deal 3,,1,11100,2020-12-08T13:32:57.590Z,cod
421849316,5fcf886247c92f23b4d3d2e7,5f96d3905cb98c2e4816eb33,5f997818a5c3a2124cc2c9e2,Fish Steak,1100,1,5f96ea331fac783e6cc2ddbf,Deal 3,,1,11100,2020-12-08T13:32:57.590Z,cod
421849316,5fcf886247c92f23b4d3d2e7,5f96d3905cb98c2e4816eb33,5f997818a5c3a2124cc2c9e2,Fish Steak,1100,1,5f96ea331fac783e6cc2ddbf,Deal 3,,1,11100,2020-12-08T13:32:57.590Z,cod
421849316,5fcf886247c92f23b4d3d2e7,5f96d3905cb98c2e4816eb33,5f997818a5c3a2124cc2c9e2,Fish Steak,1100,1,5f96ea331fac783e6cc2ddbf,Deal 3,,1,11100,2020-12-08T13:32:57.590Z,cod
421849316,5fcf886247c92f23b4d3d2e7,5f96d3905cb98c2e4816eb33,5f997818a5c3a2124cc2c9e2,Fish Steak,1100,1,5f96ea331fac783e6cc2ddbf,Deal 3,,1,11100,2020-12-08T13:32:57.590Z,cod
421849316,5fcf886247c92f23b4d3d2e7,5f96d3905cb98c2e4816eb33,5f997818a5c3a2124cc2c9e2,Fish Steak,1100,1,5f96ea331fac783e6cc2ddbf,Deal 3,,1,11100,2020-12-08T13:32:57.590Z,cod
421849316,5fcf886247c92f23b4d3d2e7,5f96d3905cb98c2e4816eb33,5f997818a5c3a2124cc2c9e2,Fish Steak,1100,1,5f96ea331fac783e6cc2ddbf,Deal 3,,1,11100,2020-12-08T13:32:57.590Z,cod
421849316,5fcf886247c92f23b4d3d2e7,5f96d3905cb98c2e4816eb33,5f997818a5c3a2124cc2c9e2,Fish Steak,1100,1,5f96ea331fac783e6cc2ddbf,Deal 3,,1,11100,2020-12-08T13:32:57.590Z,cod
421849316,5fcf886247c92f23b4d3d2e7,5f96d3905cb98c2e4816eb33,5f997818a5c3a2124cc2c9e2,Fish Steak,1100,1,5f96ea331fac783e6cc2ddbf,Deal 3,,1,11100,2020-12-08T13:32:57.590Z,cod
421849316,5fcf886247c92f23b4d3d2e7,5f96d3905cb98c2e4816eb33,5f997818a5c3a2124cc2c9e2,Fish Steak,1100,1,5f96ea331fac783e6cc2ddbf,Deal 3,,1,11100,2020-12-08T13:32:57.590Z,cod
421849316,5fcf886247c92f23b4d3d2e7,5f96d3905cb98c2e4816eb33,5f997818a5c3a2124cc2c9e2,Fish Steak,1100,1,5f96ea331fac783e6cc2ddbf,Deal 3,,1,11100,2020-12-08T13:32:57.590Z,cod
421849316,5fcf886247c92f23b4d3d2e7,5f96d3905cb98c2e4816eb33,5f997818a5c3a2124cc2c9e2,Fish Steak,1100,1,5f96ea331fac783e6cc2ddbf,Deal 3,,1,11100,2020-12-08T13:32:57.590Z,cod
421849316,5fcf886247c92f23b4d3d2e7,5f96d3905cb98c2e4816eb33,5f997818a5c3a2124cc2c9e2,Fish Steak,1100,1,5f96ea331fac783e6cc2ddbf,Deal 3,,1,11100,2020-12-08T13:32:57.590Z,cod
421849316,5fcf886247c92f23b4d3d2e7,5f96d3905cb98c2e4816eb33,5f997818a5c3a2124cc2c9e2,Fish Steak,1100,1,5f96ea331fac783e6cc2ddbf,Deal 3,,1,11100,2020-12-08T13:32:57.590Z,cod
421849316,5fcf886247c92f23b4d3d2e7,5f96d3905cb98c2e4816eb33,5f997818a5c3a2124cc2c9e2,Fish Steak,1100,1,5f96ea331fac783e6cc2ddbf,Deal 3,,1,11100,2020-12-08T13:32:57.590Z,cod
421849316,5fcf886247c92f23b4d3d2e7,5f96d3905cb98c2e4816eb33,5f997818a5c3a2124cc2c9e2,Fish Steak,1100,1,5f96ea331fac783e6cc2ddbf,Deal 3,,1,11100,2020-12-08T13:32:57.590Z,cod
421849316,5fcf886247c92f23b4d3d2e7,5f96d3905cb98c2e4816eb33,5f997818a5c3a2124cc2c9e2,Fish Steak,1100,1,5f96ea331fac783e6cc2ddbf,Deal 3,,1,11100,2020-12-08T13:32:57.590Z,cod
421849316,5fcf886247c92f23b4d3d2e7,5f96d3905cb98c2e4816eb33,5f997818a5c3a2124cc2c9e2,Fish Steak,1100,1,5f96ea331fac783e6cc2ddbf,Deal 3,,1,11100,2020-12-08T13:32:57.590Z,cod
421849316,5fcf886247c92f23b4d3d2e7,5f96d3905cb98c2e4816eb33,5f997818a5c3a2124cc2c9e2,Fish Steak,1100,1,5f96ea331fac783e6cc2ddbf,Deal 3,,1,11100,2020-12-08T13:32:57.590Z,cod
421849316,5fcf886247c92f23b4d3d2e7,5f96d3905cb98c2e4816eb33,5f997818a5c3a2124cc2c9e2,Fish Steak,1100,1,5f96ea331fac783e6cc2ddbf,Deal 3,,1,11100,2020-12-08T13:32:57.590Z,cod
421849316,5fcf886247c92f23b4d3d2e7,5f96d3905cb98c2e4816eb33,5f997818a5c3a2124cc2c9e2,Fish Steak,1100,1,5f96ea331fac783e6cc2ddbf,Deal 3,,1,11100,2020-12-08T13:32:57.590Z,cod
421849316,5fcf886247c92f23b4d3d2e7,5f96d3905cb98c2e4816eb33,5f997818a5c3a2124cc2c9e2,Fish Steak,1100,1,5f96ea331fac783e6cc2ddbf,Deal 3,,1,11100,2020-12-08T13:32:57.590Z,cod
421849316,5fcf886247c92f23b4d3d2e7,5f96d3905cb98c2e4816eb33,5f997818a5c3a2124cc2c9e2,Fish Steak,1100,1,5f96ea331fac783e6cc2ddbf,Deal 3,,1,11100,2020-12-08T13:32:57.590Z,cod
421849316,5fcf886247c92f23b4d3d2e7,5f96d3905cb98c2e4816eb33,5f997818a5c3a2124cc2c9e2,Fish Steak,1100,1,5f96ea331fac783e6cc2ddbf,Deal 3,,1,11100,2020-12-08T13:32:57.590Z,cod
421849316,5fcf886247c92f23b4d3d2e7,5f96d3905cb98c2e4816eb33,5f997818a5c3a2124cc2c9e2,Fish Steak,1100,1,5f96ea331fac783e6cc2ddbf,Deal 3,,1,11100,2020-12-08T13:32:57.590Z,cod
421849316,5fcf886247c92f23b4d3d2e7,5f96d3905cb98c2e4816eb33,5f997818a5c3a2124cc2c9e2,Fish Steak,1100,1,5f96ea331fac783e6cc2ddbf,Deal 3,,1,11100,2020-12-08T13:32:57.590Z,cod
421849316,5fcf886247c92f23b4d3d2e7,5f96d3905cb98c2e4816eb33,5f997818a5c3a2124cc2c9e2,Fish Steak,1100,1,5f96ea331fac783e6cc2ddbf,Deal 3,,1,11100,2020-12-08T13:32:57.590Z,cod
707467942,5fcf889f47c92f23b4d3d2e8,5f96d3905cb98c2e4816eb33,5f997818a5c3a2124cc2c9e2,Fish Steak,1100,1,5f96ea331fac783e6cc2ddbf,Deal 3,,1,13050,2020-12-08T13:32:57.590Z,cod
707467942,5fcf889f47c92f23b4d3d2e8,5f96d3905cb98c2e4816eb33,5f997818a5c3a2124cc2c9e2,Fish Steak,1100,1,5f96ea331fac783e6cc2ddbf,Deal 3,,1,13050,2020-12-08T13:32:57.590Z,cod
707467942,5fcf889f47c92f23b4d3d2e8,5f96d3905cb98c2e4816eb33,5f997818a5c3a2124cc2c9e2,Fish Steak,1100,1,5f96ea331fac783e6cc2ddbf,Deal 3,,1,13050,2020-12-08T13:32:57.590Z,cod
707467942,5fcf889f47c92f23b4d3d2e8,5f96d3905cb98c2e4816eb33,5f997818a5c3a2124cc2c9e2,Fish Steak,1100,1,5f96ea331fac783e6cc2ddbf,Deal 3,,1,13050,2020-12-08T13:32:57.590Z,cod
707467942,5fcf889f47c92f23b4d3d2e8,5f96d3905cb98c2e4816eb33,5f997818a5c3a2124cc2c9e2,Fish Steak,1100,1,5f96ea331fac783e6cc2ddbf,Deal 3,,1,13050,2020-12-08T13:32:57.590Z,cod
707467942,5fcf889f47c92f23b4d3d2e8,5f96d3905cb98c2e4816eb33,5f997818a5c3a2124cc2c9e2,Fish Steak,1100,1,5f96ea331fac783e6cc2ddbf,Deal 3,,1,13050,2020-12-08T13:32:57.590Z,cod
707467942,5fcf889f47c92f23b4d3d2e8,5f96d3905cb98c2e4816eb33,5f997818a5c3a2124cc2c9e2,Fish Steak,1100,1,5f96ea331fac783e6cc2ddbf,Deal 3,,1,13050,2020-12-08T13:32:57.590Z,cod
707467942,5fcf889f47c92f23b4d3d2e8,5f96d3905cb98c2e4816eb33,5f997818a5c3a2124cc2c9e2,Fish Steak,1100,1,5f96ea331fac783e6cc2ddbf,Deal 3,,1,13050,2020-12-08T13:32:57.590Z,cod
707467942,5fcf889f47c92f23b4d3d2e8,5f96d3905cb98c2e4816eb33,5f997818a5c3a2124cc2c9e2,Fish Steak,1100,1,5f96ea331fac783e6cc2ddbf,Deal 3,,1,13050,2020-12-08T13:32:57.590Z,cod
707467942,5fcf889f47c92f23b4d3d2e8,5f96d3905cb98c2e4816eb33,5f997818a5c3a2124cc2c9e2,Fish Steak,1100,1,5f96ea331fac783e6cc2ddbf,Deal 3,,1,13050,2020-12-08T13:32:57.590Z,cod
707467942,5fcf889f47c92f23b4d3d2e8,5f96d3905cb98c2e4816eb33,5f997818a5c3a2124cc2c9e2,Fish Steak,1100,1,5f96ea331fac783e6cc2ddbf,Deal 3,,1,13050,2020-12-08T13:32:57.590Z,cod
707467942,5fcf889f47c92f23b4d3d2e8,5f96d3905cb98c2e4816eb33,5f997818a5c3a2124cc2c9e2,Fish Steak,1100,1,5f96ea331fac783e6cc2ddbf,Deal 3,,1,13050,2020-12-08T13:32:57.590Z,cod
707467942,5fcf889f47c92f23b4d3d2e8,5f96d3905cb98c2e4816eb33,5f997818a5c3a2124cc2c9e2,Fish Steak,1100,1,5f96ea331fac783e6cc2ddbf,Deal 3,,1,13050,2020-12-08T13:32:57.590Z,cod
707467942,5fcf889f47c92f23b4d3d2e8,5f96d3905cb98c2e4816eb33,5f997818a5c3a2124cc2c9e2,Fish Steak,1100,1,5f96ea331fac783e6cc2ddbf,Deal 3,,1,13050,2020-12-08T13:32:57.590Z,cod
707467942,5fcf889f47c92f23b4d3d2e8,5f96d3905cb98c2e4816eb33,5f997818a5c3a2124cc2c9e2,Fish Steak,1100,1,5f96ea331fac783e6cc2ddbf,Deal 3,,1,13050,2020-12-08T13:32:57.590Z,cod
707467942,5fcf889f47c92f23b4d3d2e8,5f96d3905cb98c2e4816eb33,5f997818a5c3a2124cc2c9e2,Fish Steak,1100,1,5f96ea331fac783e6cc2ddbf,Deal 3,,1,13050,2020-12-08T13:32:57.590Z,cod
707467942,5fcf889f47c92f23b4d3d2e8,5f96d3905cb98c2e4816eb33,5f997818a5c3a2124cc2c9e2,Fish Steak,1100,1,5f96ea331fac783e6cc2ddbf,Deal 3,,1,13050,2020-12-08T13:32:57.590Z,cod
707467942,5fcf889f47c92f23b4d3d2e8,5f96d3905cb98c2e4816eb33,5f997818a5c3a2124cc2c9e2,Fish Steak,1100,1,5f96ea331fac783e6cc2ddbf,Deal 3,,1,13050,2020-12-08T13:32:57.590Z,cod
707467942,5fcf889f47c92f23b4d3d2e8,5f96d3905cb98c2e4816eb33,5f997818a5c3a2124cc2c9e2,Fish Steak,1100,1,5f96ea331fac783e6cc2ddbf,Deal 3,,1,13050,2020-12-08T13:32:57.590Z,cod
707467942,5fcf889f47c92f23b4d3d2e8,5f96d3905cb98c2e4816eb33,5f997818a5c3a2124cc2c9e2,Fish Steak,1100,1,5f96ea331fac783e6cc2ddbf,Deal 3,,1,13050,2020-12-08T13:32:57.590Z,cod
707467942,5fcf889f47c92f23b4d3d2e8,5f96d3905cb98c2e4816eb33,5f997818a5c3a2124cc2c9e2,Fish Steak,1100,1,5f96ea331fac783e6cc2ddbf,Deal 3,,1,13050,2020-12-08T13:32:57.590Z,cod
707467942,5fcf889f47c92f23b4d3d2e8,5f96d3905cb98c2e4816eb33,5f997818a5c3a2124cc2c9e2,Fish Steak,1100,1,5f96ea331fac783e6cc2ddbf,Deal 3,,1,13050,2020-12-08T13:32:57.590Z,cod
707467942,5fcf889f47c92f23b4d3d2e8,5f96d3905cb98c2e4816eb33,5f997818a5c3a2124cc2c9e2,Fish Steak,1100,1,5f96ea331fac783e6cc2ddbf,Deal 3,,1,13050,2020-12-08T13:32:57.590Z,cod
707467942,5fcf889f47c92f23b4d3d2e8,5f96d3905cb98c2e4816eb33,5f997818a5c3a2124cc2c9e2,Fish Steak,1100,1,5f96ea331fac783e6cc2ddbf,Deal 3,,1,13050,2020-12-08T13:32:57.590Z,cod
707467942,5fcf889f47c92f23b4d3d2e8,5f96d3905cb98c2e4816eb33,5f997818a5c3a2124cc2c9e2,Fish Steak,1100,1,5f96ea331fac783e6cc2ddbf,Deal 3,,1,13050,2020-12-08T13:32:57.590Z,cod
707467942,5fcf889f47c92f23b4d3d2e8,5f96d3905cb98c2e4816eb33,5f997818a5c3a2124cc2c9e2,Fish Steak,1100,1,5f96ea331fac783e6cc2ddbf,Deal 3,,1,13050,2020-12-08T13:32:57.590Z,cod
707467942,5fcf889f47c92f23b4d3d2e8,5f96d3905cb98c2e4816eb33,5f997818a5c3a2124cc2c9e2,Fish Steak,1100,1,5f96ea331fac783e6cc2ddbf,Deal 3,,1,13050,2020-12-08T13:32:57.590Z,cod
707467942,5fcf889f47c92f23b4d3d2e8,5f96d3905cb98c2e4816eb33,5f997818a5c3a2124cc2c9e2,Fish Steak,1100,1,5f96ea331fac783e6cc2ddbf,Deal 3,,1,13050,2020-12-08T13:32:57.590Z,cod
707467942,5fcf889f47c92f23b4d3d2e8,5f96d3905cb98c2e4816eb33,5f997818a5c3a2124cc2c9e2,Fish Steak,1100,1,5f96ea331fac783e6cc2ddbf,Deal 3,,1,13050,2020-12-08T13:32:57.590Z,cod
707467942,5fcf889f47c92f23b4d3d2e8,5f96d3905cb98c2e4816eb33,5f997818a5c3a2124cc2c9e2,Fish Steak,1100,1,5f96ea331fac783e6cc2ddbf,Deal 3,,1,13050,2020-12-08T13:32:57.590Z,cod
707467942,5fcf889f47c92f23b4d3d2e8,5f96d3905cb98c2e4816eb33,5f997818a5c3a2124cc2c9e2,Fish Steak,1100,1,5f96ea331fac783e6cc2ddbf,Deal 3,,1,13050,2020-12-08T13:32:57.590Z,cod
707467942,5fcf889f47c92f23b4d3d2e8,5f96d3905cb98c2e4816eb33,5f997818a5c3a2124cc2c9e2,Fish Steak,1100,1,5f96ea331fac783e6cc2ddbf,Deal 3,,1,13050,2020-12-08T13:32:57.590Z,cod
707467942,5fcf889f47c92f23b4d3d2e8,5f96d3905cb98c2e4816eb33,5f997818a5c3a2124cc2c9e2,Fish Steak,1100,1,5f96ea331fac783e6cc2ddbf,Deal 3,,1,13050,2020-12-08T13:32:57.590Z,cod
707467942,5fcf889f47c92f23b4d3d2e8,5f96d3905cb98c2e4816eb33,5f997818a5c3a2124cc2c9e2,Fish Steak,1100,1,5f96ea331fac783e6cc2ddbf,Deal 3,,1,13050,2020-12-08T13:32:57.590Z,cod
707467942,5fcf889f47c92f23b4d3d2e8,5f96d3905cb98c2e4816eb33,5f997818a5c3a2124cc2c9e2,Fish Steak,1100,1,5f96ea331fac783e6cc2ddbf,Deal 3,,1,13050,2020-12-08T13:32:57.590Z,cod
707467942,5fcf889f47c92f23b4d3d2e8,5f96d3905cb98c2e4816eb33,5f997818a5c3a2124cc2c9e2,Fish Steak,1100,1,5f96ea331fac783e6cc2ddbf,Deal 3,,1,13050,2020-12-08T13:32:57.590Z,cod
707467942,5fcf889f47c92f23b4d3d2e8,5f96d3905cb98c2e4816eb33,5f997818a5c3a2124cc2c9e2,Fish Steak,1100,1,5f96ea331fac783e6cc2ddbf,Deal 3,,1,13050,2020-12-08T13:32:57.590Z,cod
707467942,5fcf889f47c92f23b4d3d2e8,5f96d3905cb98c2e4816eb33,5f997818a5c3a2124cc2c9e2,Fish Steak,1100,1,5f96ea331fac783e6cc2ddbf,Deal 3,,1,13050,2020-12-08T13:32:57.590Z,cod
707467942,5fcf889f47c92f23b4d3d2e8,5f96d3905cb98c2e4816eb33,5f997818a5c3a2124cc2c9e2,Fish Steak,1100,1,5f96ea331fac783e6cc2ddbf,Deal 3,,1,13050,2020-12-08T13:32:57.590Z,cod
707467942,5fcf889f47c92f23b4d3d2e8,5f96d3905cb98c2e4816eb33,5f997818a5c3a2124cc2c9e2,Fish Steak,1100,1,5f96ea331fac783e6cc2ddbf,Deal 3,,1,13050,2020-12-08T13:32:57.590Z,cod
707467942,5fcf889f47c92f23b4d3d2e8,5f96d3905cb98c2e4816eb33,5f997818a5c3a2124cc2c9e2,Fish Steak,1100,1,5f96ea331fac783e6cc2ddbf,Deal 3,,1,13050,2020-12-08T13:32:57.590Z,cod
707467942,5fcf889f47c92f23b4d3d2e8,5f96d3905cb98c2e4816eb33,5f997818a5c3a2124cc2c9e2,Fish Steak,1100,1,5f96ea331fac783e6cc2ddbf,Deal 3,,1,13050,2020-12-08T13:32:57.590Z,cod
707467942,5fcf889f47c92f23b4d3d2e8,5f96d3905cb98c2e4816eb33,5f997818a5c3a2124cc2c9e2,Fish Steak,1100,1,5f96ea331fac783e6cc2ddbf,Deal 3,,1,13050,2020-12-08T13:32:57.590Z,cod
707467942,5fcf889f47c92f23b4d3d2e8,5f96d3905cb98c2e4816eb33,5f997818a5c3a2124cc2c9e2,Fish Steak,1100,1,5f96ea331fac783e6cc2ddbf,Deal 3,,1,13050,2020-12-08T13:32:57.590Z,cod
707467942,5fcf889f47c92f23b4d3d2e8,5f96d3905cb98c2e4816eb33,5f997818a5c3a2124cc2c9e2,Fish Steak,1100,1,5f96ea331fac783e6cc2ddbf,Deal 3,,1,13050,2020-12-08T13:32:57.590Z,cod
444764942,5fcf88d747c92f23b4d3d2e9,5f96d3905cb98c2e4816eb33,5f96e8964346c00cb031c512,Blueberry Smoothie,400,1,,,,,1600,2020-12-08T13:32:57.590Z,cod
444764942,5fcf88d747c92f23b4d3d2e9,5f96d3905cb98c2e4816eb33,5f96e8964346c00cb031c512,Blueberry Smoothie,400,1,,,,,1600,2020-12-08T13:32:57.590Z,cod
444764942,5fcf88d747c92f23b4d3d2e9,5f96d3905cb98c2e4816eb33,5f96e8964346c00cb031c512,Blueberry Smoothie,400,1,,,,,1600,2020-12-08T13:32:57.590Z,cod
906843715,5fcf88f047c92f23b4d3d2ea,5f96d3905cb98c2e4816eb33,5f96df9e379eb6263093e39d,Chicken Burger,450,2,,,,,900,2020-12-08T13:32:57.590Z,cod
